{"cameraMode":{"drawMode":0,"name":"Shaded","section":"Shading Mode"},"sceneLighting":true,"audioPlay":false,"sceneViewState":{"showFog":false,"showMaterialUpdate":false,"showSkybox":false,"showFlares":false,"showImageEffects":false,"showParticleSystems":true},"in2DMode":false,"pivot":{"x":1.2675361633300782,"y":1.349062442779541,"z":-3.7053937911987306},"rotation":{"x":-0.1533484011888504,"y":0.1701357662677765,"z":-0.026814280077815057,"w":-0.9730534553527832},"size":24.391143798828126,"orthographic":false}