{"cameraMode":{"drawMode":0,"name":"Shaded","section":"Shading Mode"},"sceneLighting":false,"audioPlay":false,"sceneViewState":{"showFog":true,"showMaterialUpdate":false,"showSkybox":false,"showFlares":true,"showImageEffects":true,"showParticleSystems":true},"in2DMode":false,"pivot":{"x":13.992401123046875,"y":2.3891448974609377,"z":0.10132551193237305},"rotation":{"x":0.010808742605149746,"y":-0.000005107030119688716,"z":0.00001321281524724327,"w":0.9999678134918213},"size":13.69200325012207,"orthographic":false}