{"cameraMode":{"drawMode":0,"name":"Shaded","section":"Shading Mode"},"sceneLighting":false,"audioPlay":false,"sceneViewState":{"showFog":true,"showMaterialUpdate":false,"showSkybox":false,"showFlares":true,"showImageEffects":true,"showParticleSystems":true},"in2DMode":false,"pivot":{"x":-10.616802215576172,"y":7.567754745483398,"z":57.57278823852539},"rotation":{"x":0.17095790803432465,"y":0.7944411635398865,"z":-0.26044756174087527,"w":0.5213963389396668},"size":76.16055297851563,"orthographic":false}