{"cameraMode":{"drawMode":0,"name":"Shaded","section":"Shading Mode"},"sceneLighting":false,"audioPlay":false,"sceneViewState":{"showFog":true,"showMaterialUpdate":false,"showSkybox":false,"showFlares":true,"showImageEffects":true,"showParticleSystems":true},"in2DMode":false,"pivot":{"x":0.0,"y":0.1493583619594574,"z":-2.384185791015625e-7},"rotation":{"x":0.07491356879472733,"y":0.8999208211898804,"z":-0.17102426290512086,"w":0.394132137298584},"size":2.8351941108703615,"orthographic":false}