{"cameraMode":{"drawMode":0,"name":"Shaded","section":"Shading Mode"},"sceneLighting":true,"audioPlay":false,"sceneViewState":{"showFog":true,"showMaterialUpdate":false,"showSkybox":true,"showFlares":true,"showImageEffects":true,"showParticleSystems":true},"in2DMode":false,"pivot":{"x":-10.616802215576172,"y":7.567754745483398,"z":57.57278823852539},"rotation":{"x":-0.09166053682565689,"y":0.02150510437786579,"z":-0.001991168363019824,"w":-0.9955822825431824},"size":141.0451202392578,"orthographic":false}