{"cameraMode":{"drawMode":0,"name":"Shaded","section":"Shading Mode"},"sceneLighting":true,"audioPlay":false,"sceneViewState":{"showFog":true,"showMaterialUpdate":false,"showSkybox":true,"showFlares":true,"showImageEffects":true,"showParticleSystems":true},"in2DMode":false,"pivot":{"x":0.04103563725948334,"y":1.3934800624847413,"z":0.26441526412963869},"rotation":{"x":-0.20485639572143556,"y":0.14967148005962373,"z":-0.03171192854642868,"w":-0.966763973236084},"size":12.005189895629883,"orthographic":false}